n,error_max,cond,time_s,memory_kb
10,1.110223e-16,,9.651250e-04,6.718750e+00
50,1.110223e-16,,1.829754e-02,3.975781e+01
100,2.220446e-16,,7.053333e-02,1.573359e+02
200,2.220446e-16,,2.765570e-01,6.268672e+02
300,2.220446e-16,,6.316916e-01,1.408898e+03
400,2.220446e-16,,1.162344e+00,2.503430e+03
500,2.220446e-16,,1.796120e+00,3.910461e+03
